Timestamp,Model,Num_Replicas,Tensor_Parallel,Pipeline_Parallel,Max_Batch_Tokens,Max_Num_Seqs,Concurrency,QPS,Max_Tokens,Temperature,Top_P,Total_Gen_Avg,Total_Gen_P50,Total_Gen_P90,Total_Gen_P99,First_Token_Avg,First_Token_P50,First_Token_P90,First_Token_P99,Inter_Token_Avg,Inter_Token_P50,Inter_Token_P90,Inter_Token_P99,Schedule_Delay_Avg,Schedule_Delay_P50,Schedule_Delay_P90,Schedule_Delay_P99,E2E_Latency_Avg,E2E_Latency_P50,E2E_Latency_P90,E2E_Latency_P99,Throughput,Total_Requests,Total_Input_Tokens,Total_Output_Tokens
run_20250820_004749,Qwen/Qwen2.5-1.5B,1,1,1,512,512,8,10.0,3,0.7,0.9,46.28577788670858,43.79010200500488,57.36653804779054,74.0710949897766,20.530041058858234,18.995285034179688,29.904627799987797,43.85092973709106,12.875907818476358,12.258172035217285,13.617157936096191,22.957637310028076,0.9266893068949381,0.9139776229858398,1.263427734375,1.6136455535888665,47.212467193603516,44.81995105743408,58.02512168884279,74.92882013320921,29.143306904738584,300,90561,900
run_20250820_004848,Qwen/Qwen2.5-1.5B,2,1,1,512,512,8,10.0,3,0.7,0.9,62.51001755396525,49.874186515808105,64.60862159729004,439.3736696243286,34.08591270446777,23.381829261779785,35.411715507507346,371.03871107101406,14.210314750671387,12.838959693908691,15.110087394714384,27.582828998565674,0.9392531712849935,0.9126663208007812,1.2969970703125,1.548502445220947,63.449270725250244,50.844788551330566,65.55392742156984,440.0712561607361,27.80477769812689,300,90561,900
run_20250820_004948,Qwen/Qwen2.5-1.5B,4,1,1,512,512,8,10.0,3,0.7,0.9,51.661885579427086,49.506425857543945,63.47711086273194,83.22557926177976,25.44324239095052,23.743510246276855,35.609197616577156,56.383466720581055,13.1075652440389,12.641310691833496,13.44425678253174,22.020461559295647,0.8140007654825846,0.7406473159790039,1.1413097381591797,1.5499949455261228,52.47588634490967,50.348639488220215,64.14198875427246,84.97879981994626,27.725378982466463,300,90561,900
run_20250820_005052,Qwen/Qwen2.5-1.5B,8,1,1,512,512,8,10.0,3,0.7,0.9,53.134917418162026,51.86820030212402,64.75369930267334,83.53699207305904,25.662717819213867,24.566650390625,36.17362976074219,55.65220117568966,13.734333117802938,13.270139694213867,14.1249418258667,23.69864225387573,0.8191204071044922,0.7752180099487305,1.1406660079956055,1.6253256797790527,53.95403782526652,52.78658866882324,65.3738260269165,84.35733795166011,27.09772816691075,300,90561,900
run_20250820_005202,Qwen/Qwen2.5-1.5B,1,2,1,512,512,8,10.0,3,0.7,0.9,61.79663101832072,54.88896369934082,72.02353477478029,294.670588970184,28.19524685541789,22.73273468017578,37.68563270568848,88.55368852615206,16.798878113428753,15.409708023071289,20.23029327392578,28.465774059295644,0.8765792846679688,0.8825063705444336,1.1664867401123047,1.3393306732177732,62.673210302988686,55.90999126434326,72.78077602386476,295.9530377387997,28.779835305705838,300,90561,900
run_20250820_005306,Qwen/Qwen2.5-1.5B,2,2,1,512,512,8,10.0,3,0.7,0.9,63.65346749623617,60.33504009246826,72.4696397781372,182.11959838867188,30.792277654012043,27.544856071472168,39.470672607421875,114.06114578247058,16.429222027460735,15.623092651367188,17.21115112304688,26.40223979949951,0.7701841990152994,0.720977783203125,1.0476112365722656,1.2959361076354976,64.42365169525146,61.0119104385376,73.18596839904787,183.0789613723755,29.349552053719567,300,90561,900
run_20250820_005410,Qwen/Qwen2.5-1.5B,4,2,1,512,512,8,10.0,3,0.7,0.9,63.41041247049967,60.98818778991699,76.0246515274048,104.37333106994586,31.04998509089152,28.8846492767334,41.61684513092042,63.70739221572828,16.17880940437317,15.613555908203125,16.822266578674316,26.818845272064205,0.7327191034952799,0.6952285766601562,0.9704351425170898,1.2339973449707027,64.14313157399495,61.62619590759277,76.78401470184328,105.17401933670001,26.433915845754864,300,90561,900
run_20250820_005523,Qwen/Qwen2.5-1.5B,1,4,1,512,512,8,10.0,3,0.7,0.9,59.3530011177063,53.21359634399414,70.32699584960938,164.5509266853325,27.12593158086141,22.299647331237793,37.2856616973877,119.21491146087634,16.111639340718586,14.911413192749023,18.378305435180668,25.657949447631836,0.8385841051737467,0.8217096328735352,1.1317968368530273,1.3674616813659666,60.19158522288004,54.004788398742676,71.00191116333008,165.26956558227465,29.131375006295162,300,90561,900
run_20250820_005629,Qwen/Qwen2.5-1.5B,2,4,1,512,512,8,10.0,3,0.7,0.9,61.26597881317139,59.586167335510254,71.92800045013428,93.55163812637313,29.6422282854716,28.162598609924316,39.47460651397706,59.282989501953104,15.810461441675821,15.368461608886719,16.149282455444336,23.13884019851684,0.7372689247131348,0.697016716003418,0.9617805480957031,1.301150321960449,62.00324773788452,60.23681163787842,72.77884483337402,94.22935962676986,27.388057253101035,300,90561,900
run_20250820_045424,meta-llama/Meta-Llama-3-8B,1,1,1,512,512,8,10.0,3,0.7,0.9,48.86114835739136,47.00934886932373,57.15386867523194,67.74074077606197,20.50975163777669,18.713712692260742,28.2437801361084,38.95989418029783,14.173664649327597,13.843774795532227,14.555835723876955,17.922210693359368,0.8425784111022949,0.8463859558105469,1.197504997253418,1.451277732849121,49.70372676849365,47.910213470458984,57.796669006347656,68.93663167953487,29.34390120939674,300,94752,900
run_20250820_045525,meta-llama/Meta-Llama-3-8B,2,1,1,512,512,8,10.0,3,0.7,0.9,54.701993465423584,53.98142337799072,63.94848823547363,75.7641816139221,25.142191251118977,24.307608604431152,33.52453708648682,47.17674016952514,14.778161446253458,14.371991157531738,15.620803833007812,22.422988414764394,0.7815368970235189,0.7121562957763672,1.1251926422119143,1.499848365783691,55.483530362447105,54.60178852081299,64.61381912231445,76.37346744537352,30.05392096078814,300,94752,900
run_20250820_045625,meta-llama/Meta-Llama-3-8B,4,1,1,512,512,8,10.0,3,0.7,0.9,57.15368111928304,55.208563804626465,69.20933723449707,84.95858192443838,26.804767449696858,25.383353233337402,36.9828462600708,50.87225437164303,15.17279307047526,14.52326774597168,15.986490249633789,25.84398984909057,0.7571784655253092,0.7472038269042969,1.0106801986694336,1.3959455490112305,57.91085958480835,56.00547790527344,70.05696296691895,85.52091360092153,29.546510788150865,300,94752,900
run_20250820_045729,meta-llama/Meta-Llama-3-8B,8,1,1,512,512,8,10.0,3,0.7,0.9,58.688509464263916,56.46049976348877,69.12372112274171,92.55757570266721,27.036938667297363,25.353312492370605,37.25636005401611,56.20154380798339,15.824188788731893,15.410780906677246,16.05668067932129,25.30925989151,0.7092873255411783,0.6562471389770508,0.9706258773803711,1.4020180702209466,59.39779678980509,57.13951587677002,69.76659297943117,93.12854051589963,26.617924760424245,300,94752,900
run_20250820_045842,meta-llama/Meta-Llama-3-8B,1,2,1,512,512,8,10.0,3,0.7,0.9,59.99500830968221,56.456804275512695,71.5423345565796,87.58283138275145,25.11961778004964,21.73435688018799,35.332942008972175,46.9630408287048,17.43557612101237,16.835808753967285,18.634819984436035,26.941878795623772,0.8909098307291666,0.9163618087768555,1.1641740798950198,1.539013385772705,60.88591814041138,57.424068450927734,72.28498458862308,88.45877408981322,27.569183999891074,300,94752,900
run_20250820_045949,meta-llama/Meta-Llama-3-8B,2,2,1,512,512,8,10.0,3,0.7,0.9,69.035058816274,66.92850589752197,78.92494201660156,99.18614149093622,31.997780005137127,30.147075653076172,40.558004379272475,61.121082305908146,18.517167965571087,18.105030059814453,19.058918952941895,26.375710964202877,0.6555628776550293,0.6211996078491211,0.847601890563965,1.089189052581787,69.69062169392903,67.53158569335938,79.7266960144043,99.95616912841791,27.69485393758036,300,94752,900
run_20250820_050057,meta-llama/Meta-Llama-3-8B,4,2,1,512,512,8,10.0,3,0.7,0.9,71.51230255762736,67.09098815917969,83.82391929626465,192.9729723930359,34.157679080963135,30.46250343322754,45.343565940856934,133.07894468307487,18.67559313774109,17.69733428955078,19.684267044067386,38.88217210769653,0.6958548227945963,0.6456375122070312,0.9291648864746094,1.1997675895690905,72.20815738042195,67.70646572113037,84.49492454528809,193.64943027496338,29.493789388135998,300,94752,900
run_20250820_050209,meta-llama/Meta-Llama-3-8B,1,4,1,512,512,8,10.0,3,0.7,0.9,62.041001319885254,59.61108207702637,73.91932010650635,89.51388359069824,26.535337766011555,23.79012107849121,37.79246807098389,50.09026527404785,17.75093158086141,17.0975923538208,20.462560653686523,26.816155910491936,0.8102027575174967,0.8348226547241211,1.099848747253418,1.3526463508605955,62.85120407740275,60.43398380279541,74.70312118530273,90.38244724273682,27.971093795743315,300,94752,900
run_20250820_050318,meta-llama/Meta-Llama-3-8B,2,4,1,512,512,8,10.0,3,0.7,0.9,68.97681872049968,66.87498092651367,78.62727642059328,98.22311401367118,32.37924893697103,30.08580207824707,41.88480377197266,59.407520294189005,18.297266960144043,17.57800579071045,20.92432975769043,30.529096126556386,0.641160806020101,0.6026029586791992,0.8533716201782227,1.1208295822143555,69.61797952651978,67.5579309463501,79.56066131591797,98.79532337188651,29.843444236091504,300,94752,900
run_20250820_050429,meta-llama/Meta-Llama-3-8B,1,8,1,512,512,8,10.0,3,0.7,0.9,62.781548500061035,60.0050687789917,75.99658966064453,98.43324661254881,26.910991668701172,23.717880249023438,39.377641677856445,52.207002639770494,17.93388803799947,17.157912254333496,20.703363418579105,27.182703018188477,0.6208356221516927,0.592350959777832,0.7876634597778321,0.9994316101074217,63.40238412221273,60.63663959503174,76.64198875427246,99.35788393020628,28.95153225311075,300,94752,900
